종목코드,종목명,종가,대비,등락률,상장시가총액
5930,삼성전자,76500,1300,1.73,456688365.0
660,SK하이닉스,215000,2500,1.18,156520508.0
5380,현대차,270000,-1000,-0.37,56542372.0
207940,삼성바이오로직스,742000,2000,0.27,52811108.0
270,기아,122500,500,0.41,48982656.0
68270,셀트리온,187600,-5000,-2.6,40707929.0
105560,KB금융,79100,700,0.89,31917726.0
5490,POSCO홀딩스,377000,-3000,-0.79,31883354.0
35420,NAVER,168400,-1800,-1.06,27349607.0
6400,삼성SDI,393500,1000,0.25,27058843.0
51910,LG화학,371500,-3500,-0.93,26225055.0
55550,신한지주,47800,1600,3.46,24348996.0
28260,삼성물산,135500,1100,0.82,24089746.0
3670,포스코퓨처엠,280500,-5500,-1.92,21728433.0
12330,현대모비스,221000,2000,0.91,20697776.0
247540,에코프로비엠,209500,-4000,-1.87,20489382.0
35720,카카오,43050,-100,-0.23,19088167.0
86790,하나금융지주,60300,600,1.01,17629103.0
32830,삼성생명,84900,1100,1.31,16980000.0
42700,한미반도체,173900,14600,9.17,16867193.0
66570,LG전자,100600,2400,2.44,16462970.0
810,삼성화재,334500,0,0.0,15846883.0
196170,알테오젠,276000,-7500,-2.65,14668994.0
138040,메리츠금융지주,74200,400,0.54,14151432.0
34730,SK,188300,6900,3.8,13783245.0
86520,에코프로,101300,-1800,-1.75,13486914.0
3550,LG,83000,3200,4.01,13055982.0
15760,한국전력,19830,30,0.15,12730148.0
259960,크래프톤,265000,9500,3.72,12690374.0
34020,두산에너빌리티,20000,840,4.38,12811223.0
402340,SK스퀘어,89800,1700,1.93,12100546.0
11200,HMM,17100,-400,-2.29,12124575.0
18260,삼성에스디에스,154800,-800,-0.51,11978083.0
329180,HD현대중공업,130000,300,0.23,11540505.0
33780,KT&G,86500,0,0.0,11272896.0
9150,삼성전기,151200,1500,1.0,11293687.0
90430,아모레퍼시픽,191700,13600,7.64,11213062.0
17670,SK텔레콤,51300,200,0.39,11018730.0
323410,카카오뱅크,22500,150,0.67,10730838.0
12450,한화에어로스페이스,212000,2000,0.95,10733560.0
24110,기업은행,13380,-30,-0.22,10669558.0
316140,우리금융지주,14180,80,0.57,10529947.0
10130,고려아연,491000,-7000,-1.41,10165312.0
96770,SK이노베이션,104200,600,0.58,9975648.0
42660,한화오션,31900,1550,5.11,9772849.0
47050,포스코인터내셔널,54700,1000,1.86,9622977.0
9540,HD한국조선해양,133400,-300,-0.22,9441134.0
267260,HD현대일렉트릭,263500,-9000,-3.3,9498420.0
30200,KT,36800,0,0.0,9274398.0
352820,하이브,199100,1100,0.56,8292933.0
3490,대한항공,22250,100,0.45,8192910.0
28300,HLB,60600,2100,3.59,7929229.0
10140,삼성중공업,9140,-80,-0.87,8043200.0
10950,S-Oil,67000,600,0.9,7543047.0
5830,DB손해보험,103000,-2100,-2.0,7292400.0
86280,현대글로비스,181000,-3000,-1.63,6787500.0
51900,LG생활건강,403500,2000,0.5,6301942.0
11790,SKC,169600,3300,1.98,6422463.0
326030,SK바이오팜,79800,-500,-0.62,6249397.0
22100,포스코DX,41050,550,1.36,6241026.0
11070,LG이노텍,251000,21500,9.37,5940444.0
100,유한양행,74300,-1500,-1.98,5959533.0
66970,엘앤에프,165800,1000,0.61,6017668.0
9830,한화솔루션,33900,1550,4.79,5827157.0
267250,HD현대,69400,300,0.43,5482120.0
161390,한국타이어앤테크놀로지,45000,150,0.33,5574378.0
10120,LS ELECTRIC,187400,-7400,-3.8,5622000.0
5070,코스모신소재,172200,1400,0.82,5598352.0
97950,CJ제일제당,374500,12000,3.31,5637793.0
241560,두산밥캣,54400,1600,3.03,5453555.0
1570,금양,90600,1000,1.12,5259333.0
348370,엔켐,279000,-7000,-2.45,5400851.0
11170,롯데케미칼,120200,400,0.33,5141605.0
34220,LG디스플레이,10350,270,2.68,5175000.0
180640,한진칼,73000,3700,5.34,4873646.0
251270,넷마블,57400,1300,2.32,4933731.0
47810,한국항공우주,51200,-300,-0.58,4990725.0
6260,LS,143700,-2900,-1.98,4627140.0
29780,삼성카드,38850,-100,-0.26,4501118.0
28050,삼성E&A,23000,700,3.14,4508000.0
3230,삼양식품,607000,17000,2.88,4572540.0
6800,미래에셋증권,7140,70,0.99,4250559.0
11780,금호석유,152900,1900,1.26,4231153.0
36460,한국가스공사,45800,1800,4.09,4227935.0
32640,LG유플러스,9740,20,0.21,4252595.0
58470,리노공업,265000,5000,1.92,4039228.0
21240,코웨이,55500,1000,1.83,4095879.0
307950,현대오토에버,147300,300,0.2,4039553.0
78930,GS,43300,50,0.12,4023236.0
36570,엔씨소프트,185900,-1100,-0.59,4081253.0
64350,현대로템,37500,-250,-0.66,4092836.0
377300,카카오페이,30100,-500,-1.63,4049306.0
5940,NH투자증권,11930,30,0.25,3906983.0
4020,현대제철,28900,300,1.05,3856583.0
68760,셀트리온제약,95200,1700,1.82,3960001.0
302440,SK바이오사이언스,51800,500,0.97,3979677.0
271560,오리온,100200,3000,3.09,3961520.0
1040,CJ,130600,-1400,-1.06,3810516.0
71050,한국금융지주,66400,-800,-1.19,3700206.0
79550,LIG넥스원,172300,2800,1.65,3790600.0
150,두산,223000,21000,10.4,3684815.0
128940,한미약품,284000,2500,0.89,3638321.0
720,현대건설,32650,-250,-0.76,3635766.0
272210,한화시스템,18120,920,5.35,3423219.0
214150,클래시스,53800,5750,11.97,3443174.0
298040,효성중공업,367000,-29000,-7.32,3422109.0
39490,키움증권,126900,-500,-0.39,3239339.0
4370,농심,544000,11000,2.06,3308957.0
277810,레인보우로보틱스,166600,1700,1.03,3232016.0
403870,HPSP,40250,250,0.63,3338099.0
16360,삼성증권,36000,200,0.56,3214800.0
361610,SK아이이테크놀로지,47000,850,1.84,3350987.0
250,삼천당제약,128800,5300,4.29,3021322.0
2790,아모레G,36250,1800,5.22,2989109.0
3410,쌍용C&E,7000,0,0.0,3106508.0
7660,이수페타시스,48350,400,0.83,3057964.0
35250,강원랜드,14630,-120,-0.81,3129950.0
145020,휴젤,238500,-3500,-1.45,2865313.0
10620,HD현대미포,74300,1900,2.62,2967702.0
1450,현대해상,32700,100,0.31,2923380.0
1440,대한전선,15750,330,2.14,2936545.0
263750,펄어비스,40250,700,1.77,2585976.0
4990,롯데지주,25200,150,0.6,2643713.0
20150,롯데에너지머티리얼즈,56300,100,0.18,2596040.0
383220,F&F,69200,900,1.32,2650850.0
138930,BNK금융지주,8120,40,0.5,2615358.0
175330,JB금융지주,13660,230,1.71,2664836.0
52690,한전기술,69600,1200,1.75,2660112.0
39030,이오테크닉스,193000,-100,-0.05,2377673.0
78600,대주전자재료,160000,4200,2.7,2476895.0
141080,리가켐바이오,67300,500,0.75,2460983.0
88350,한화생명,2740,-10,-0.36,2379772.0
2380,KCC,288000,8000,2.86,2559304.0
18880,한온시스템,4805,-125,-2.54,2564909.0
81660,휠라홀딩스,39350,200,0.51,2390600.0
357780,솔브레인,315000,2000,0.64,2450248.0
5290,동진쎄미켐,42500,200,0.47,2185116.0
120,CJ대한통운,97400,-3300,-3.28,2221922.0
7070,GS리테일,22100,300,1.38,2314266.0
204320,HL만도,47500,400,0.85,2230463.0
12750,에스원,59400,-700,-1.16,2257151.0
28670,팬오션,4080,-30,-0.73,2181044.0
8770,호텔신라,55900,-100,-0.18,2193970.0
35900,JYP Ent.,57900,-1300,-2.2,2057331.0
880,한화,26350,-50,-0.19,1975163.0
7310,오뚜기,487500,1500,0.31,1953817.0
8930,한미사이언스,31100,-150,-0.48,2126977.0
282330,BGF리테일,115900,700,0.61,2003205.0
14680,한솔케미칼,176000,-6200,-3.4,1994994.0
26960,동서,19650,240,1.24,1959105.0
30000,제일기획,18350,-70,-0.38,2111006.0
112610,씨에스윈드,49100,-250,-0.51,2070616.0
12510,더존비즈온,70100,1300,1.89,2129833.0
35760,CJ ENM,85500,1400,1.66,1874943.0
41510,에스엠,81400,-1800,-2.16,1920187.0
137400,피엔티,80900,2000,2.53,1839763.0
237690,에스티팜,94300,-10500,-10.02,1821689.0
192820,코스맥스,170100,14600,9.39,1930551.0
5850,에스엘,41600,2600,6.67,1932258.0
10060,OCI홀딩스,94900,1900,2.04,1856622.0
23530,롯데쇼핑,65200,800,1.24,1844427.0
990,DB하이텍,42950,250,0.59,1906919.0
36930,주성엔지니어링,36050,2200,6.5,1739384.0
298050,효성첨단소재,351500,-1000,-0.28,1574702.0
121600,나노신소재,138600,-2900,-2.05,1690376.0
240810,원익IPS,35150,50,0.14,1725299.0
293490,카카오게임즈,20300,150,0.74,1677706.0
2710,TCC스틸,59400,-1600,-2.62,1557094.0
4170,신세계,159900,-700,-0.44,1574244.0
9420,한올바이오파마,32800,-550,-1.65,1713493.0
11210,현대위아,57200,0,0.0,1555559.0
17800,현대엘리베이,41000,850,2.12,1602788.0
42670,HD현대인프라코어,7900,150,1.94,1576867.0
51600,한전KPS,36650,650,1.81,1649250.0
103140,풍산,58300,900,1.57,1633815.0
139480,이마트,58500,-600,-1.02,1630735.0
161890,한국콜마,67200,5400,8.74,1586261.0
298020,효성티앤씨,390000,1000,0.26,1687796.0
64760,티씨케이,133200,8500,6.82,1555110.0
95340,ISC,71500,1200,1.71,1515590.0
375500,DL이앤씨,34800,600,1.75,1346538.0
214450,파마리서치,134800,7300,5.73,1403676.0
281740,레이크머티리얼즈,21950,-550,-2.44,1442786.0
328130,루닛,51500,0,0.0,1484777.0
80,하이트진로,20750,100,0.48,1455272.0
240,한국앤컴퍼니,14780,-340,-2.25,1403143.0
4490,세방전지,108900,900,0.83,1524600.0
6110,삼아알미늄,92300,-4000,-4.15,1357910.0
6280,녹십자,118200,-900,-0.76,1381349.0
47040,대우건설,3620,-5,-0.14,1504554.0
111770,영원무역,34300,-900,-2.56,1519883.0
139130,DGB금융지주,7900,-30,-0.38,1336252.0
336260,두산퓨얼셀,23000,450,2.0,1506356.0
112040,위메이드,40300,-450,-1.1,1368124.0
34230,파라다이스,13990,-40,-0.29,1283885.0
353200,대덕전자,22950,550,2.46,1134118.0
67160,SOOP,111600,1400,1.27,1282816.0
67310,하나마이크론,22400,-250,-1.1,1168596.0
84370,유진테크,51600,1600,3.2,1182468.0
140410,메지온,42000,-50,-0.12,1249694.0
140860,파크시스템스,173400,-2300,-1.31,1209614.0
214370,케어젠,23900,-300,-1.24,1283789.0
253450,스튜디오드래곤,41950,-350,-0.83,1260954.0
210,DL,59200,-300,-0.5,1240588.0
1120,LX인터내셔널,29450,100,0.34,1141482.0
3690,코리안리,7920,-50,-0.63,1309711.0
4000,롯데정밀화학,47200,-100,-0.21,1217760.0
5300,롯데칠성,136000,3400,2.56,1261928.0
5420,코스모화학,32500,50,0.15,1248267.0
6360,GS건설,14710,70,0.48,1258904.0
9240,한샘,54200,-100,-0.18,1275539.0
69620,대웅제약,104300,-2200,-2.07,1208480.0
69960,현대백화점,50300,400,0.8,1177143.0
108320,LX세미콘,70500,200,0.28,1146633.0
137310,에스디바이오센서,9800,10,0.1,1219878.0
145720,덴티움,109000,400,0.37,1206502.0
185750,종근당,101000,-1500,-1.46,1330616.0
336370,솔루스첨단소재,17410,-780,-4.29,1222484.0
39200,오스코텍,33400,-1050,-3.05,1268998.0
56190,에스에프에이,29000,700,2.47,1041354.0
456040,OCI,105900,8400,8.62,948069.0
74600,원익QnC,37900,300,0.8,996315.0
85660,차바이오텍,16460,-160,-0.96,926936.0
86900,메디톡스,130800,-8700,-6.24,954643.0
96530,씨젠,20650,300,1.47,1078467.0
166090,하나머티리얼즈,52900,0,0.0,1046239.0
195940,HK이노엔,35700,-200,-0.56,1011377.0
213420,덕산네오룩스,41900,2450,6.21,1040426.0
222800,심텍,33900,2000,6.27,1079855.0
225570,넥슨게임즈,15260,220,1.46,1004166.0
287410,제이시스메디칼,12790,0,0.0,980198.0
298380,에이비엘바이오,22500,-650,-2.81,1077582.0
365340,성일하이텍,84400,-600,-0.71,1024202.0
383310,에코프로에이치엔,69900,-1200,-1.69,1069815.0
393890,더블유씨피,33200,-1250,-3.63,1118724.0
1740,SK네트웍스,4765,-10,-0.21,1054389.0
3620,KG모빌리티,5500,40,0.73,1073783.0
6650,대한유화,155000,-3000,-1.9,1007500.0
8730,율촌화학,40450,300,0.75,1003160.0
120110,코오롱인더,40300,250,0.62,1109019.0
248070,솔루엠,22350,-450,-1.97,1117624.0
267270,HD현대건설기계,56500,2000,3.67,1064861.0
67630,HLB생명과학,8920,60,0.68,960254.0
9520,포스코엠텍,21750,-800,-3.55,905729.0
285130,SK케미칼,52200,-500,-0.95,900647.0
36540,SFA반도체,5370,50,0.94,883152.0
48410,현대바이오,19180,-40,-0.21,763759.0
64550,바이오니아,28900,-550,-1.87,745917.0
98460,고영,13020,-150,-1.14,893885.0
101490,에스앤에스텍,41800,300,0.72,896670.0
122870,와이지엔터테인먼트,41400,100,0.24,773809.0
222080,씨아이에스,12070,-150,-1.23,862291.0
278280,천보,78000,-1100,-1.39,780000.0
310210,보로노이,48850,-50,-0.1,868564.0
418550,제이오,25250,-650,-2.51,802250.0
1430,세아베스틸지주,21150,50,0.24,758484.0
2350,넥센타이어,8160,80,0.99,796970.0
3030,세아제강지주,200500,-500,-0.25,830402.0
6120,SK디스커버리,40900,-700,-1.68,768341.0
7340,DN오토모티브,79600,-900,-1.12,795523.0
9900,명신산업,14940,140,0.95,783904.0
10780,아이에스동서,25800,-400,-1.53,778824.0
23590,다우기술,18730,0,0.0,840352.0
32350,롯데관광개발,9860,110,1.13,751193.0
39130,하나투어,57500,200,0.35,922253.0
69260,TKG휴켐스,19520,100,0.51,797950.0
89590,제주항공,10830,-10,-0.09,873342.0
90460,비에이치,22250,1500,7.23,766832.0
93370,후성,7950,-30,-0.38,852680.0
100090,SK오션플랜트,14060,-260,-1.82,832290.0
105630,한세실업,21000,100,0.48,840000.0
114090,GKL,13360,-120,-0.89,826392.0
178920,PI첨단소재,27600,1400,5.34,810510.0
195870,해성디에스,46950,1600,3.53,798150.0
271940,일진하이솔루스,24900,-150,-0.6,904198.0
25900,동화기업,18110,-1050,-5.48,915497.0
3380,하림지주,6180,50,0.82,692195.0
192650,드림텍,9440,20,0.21,650155.0
58610,에스피지,26700,50,0.19,592136.0
58970,엠로,61700,400,0.65,691788.0
189300,인텔리안테크,58300,700,1.22,625753.0
215200,메가스터디교육,58600,500,0.86,681276.0
272290,이녹스첨단소재,34600,1700,5.17,698977.0
336570,원텍,7980,390,5.14,712938.0
348210,넥스틴,66800,-400,-0.6,691872.0
372170,윤성에프앤씨,86200,-2700,-3.04,687794.0
376300,디어유,25300,300,1.2,600582.0
1060,JW중외제약,29450,150,0.51,685771.0
16380,KG스틸,6720,20,0.3,672060.0
19170,신풍제약,12310,-180,-1.44,652245.0
64960,SNT모티브,46450,300,0.65,679245.0
161000,애경케미칼,13400,-150,-1.11,651893.0
15750,성우하이텍,8690,320,3.82,695200.0
78340,컴투스,38500,50,0.13,490404.0
299030,하나기술,61500,-1000,-1.6,501877.0
290650,엘앤씨바이오,21650,1200,5.87,491128.0
95660,네오위즈,20400,-100,-0.49,449488.0
