종목코드,종목명,종가,대비,등락률,상장시가총액
247540,에코프로비엠,209500,-4000,-1.87,20489382.0
196170,알테오젠,276000,-7500,-2.65,14668994.0
86520,에코프로,101300,-1800,-1.75,13486914.0
28300,HLB,60600,2100,3.59,7929229.0
348370,엔켐,279000,-7000,-2.45,5400851.0
58470,리노공업,265000,5000,1.92,4039228.0
68760,셀트리온제약,95200,1700,1.82,3960001.0
214150,클래시스,53800,5750,11.97,3443174.0
403870,HPSP,40250,250,0.63,3338099.0
277810,레인보우로보틱스,166600,1700,1.03,3232016.0
250,삼천당제약,128800,5300,4.29,3021322.0
145020,휴젤,238500,-3500,-1.45,2865313.0
263750,펄어비스,40250,700,1.77,2585976.0
141080,리가켐바이오,67300,500,0.75,2460983.0
78600,대주전자재료,160000,4200,2.7,2476895.0
357780,솔브레인,315000,2000,0.64,2450248.0
39030,이오테크닉스,193000,-100,-0.05,2377673.0
5290,동진쎄미켐,42500,200,0.47,2185116.0
35900,JYP Ent.,57900,-1300,-2.2,2057331.0
41510,에스엠,81400,-1800,-2.16,1920187.0
35760,CJ ENM,85500,1400,1.66,1874943.0
137400,피엔티,80900,2000,2.53,1839763.0
237690,에스티팜,94300,-10500,-10.02,1821689.0
36930,주성엔지니어링,36050,2200,6.5,1739384.0
240810,원익IPS,35150,50,0.14,1725299.0
121600,나노신소재,138600,-2900,-2.05,1690376.0
293490,카카오게임즈,20300,150,0.74,1677706.0
31980,피에스케이홀딩스,77000,2500,3.36,1660304.0
178320,서진시스템,29350,-950,-3.14,1634866.0
36830,솔브레인홀딩스,77000,-11800,-13.29,1614232.0
64760,티씨케이,133200,8500,6.82,1555110.0
95340,ISC,71500,1200,1.71,1515590.0
328130,루닛,51500,0,0.0,1484777.0
281740,레이크머티리얼즈,21950,-550,-2.44,1442786.0
214450,파마리서치,134800,7300,5.73,1403676.0
112040,위메이드,40300,-450,-1.1,1368124.0
214370,케어젠,23900,-300,-1.24,1283789.0
67160,SOOP,111600,1400,1.27,1282816.0
34230,파라다이스,13990,-40,-0.29,1283885.0
253450,스튜디오드래곤,41950,-350,-0.83,1260954.0
39200,오스코텍,33400,-1050,-3.05,1268998.0
140410,메지온,42000,-50,-0.12,1249694.0
140860,파크시스템스,173400,-2300,-1.31,1209614.0
84370,유진테크,51600,1600,3.2,1182468.0
67310,하나마이크론,22400,-250,-1.1,1168596.0
393890,더블유씨피,33200,-1250,-3.63,1118724.0
204270,제이앤티씨,19330,-170,-0.87,1118211.0
298380,에이비엘바이오,22500,-650,-2.81,1077582.0
96530,씨젠,20650,300,1.47,1078467.0
222800,심텍,33900,2000,6.27,1079855.0
383310,에코프로에이치엔,69900,-1200,-1.69,1069815.0
56190,에스에프에이,29000,700,2.47,1041354.0
166090,하나머티리얼즈,52900,0,0.0,1046239.0
213420,덕산네오룩스,41900,2450,6.21,1040426.0
195940,HK이노엔,35700,-200,-0.56,1011377.0
365340,성일하이텍,84400,-600,-0.71,1024202.0
352480,씨앤씨인터내셔널,102600,9600,10.32,1027430.0
225570,넥슨게임즈,15260,220,1.46,1004166.0
74600,원익QnC,37900,300,0.8,996315.0
319660,피에스케이,33400,550,1.67,967488.0
287410,제이시스메디칼,12790,0,0.0,980198.0
86900,메디톡스,130800,-8700,-6.24,954643.0
67630,HLB생명과학,8920,60,0.68,960254.0
85660,차바이오텍,16460,-160,-0.96,926936.0
9520,포스코엠텍,21750,-800,-3.55,905729.0
183300,코미코,87700,-200,-0.23,917402.0
25900,동화기업,18110,-1050,-5.48,915497.0
36540,SFA반도체,5370,50,0.94,883152.0
101490,에스앤에스텍,41800,300,0.72,896670.0
98460,고영,13020,-150,-1.14,893885.0
36810,에프에스티,40600,400,1.0,883326.0
310210,보로노이,48850,-50,-0.1,868564.0
222080,씨아이에스,12070,-150,-1.23,862291.0
86450,동국제약,18480,-20,-0.11,821621.0
418550,제이오,25250,-650,-2.51,802250.0
119860,커넥트웨이브,17910,0,0.0,811348.0
278280,천보,78000,-1100,-1.39,780000.0
122870,와이지엔터테인먼트,41400,100,0.24,773809.0
48410,현대바이오,19180,-40,-0.21,763759.0
64550,바이오니아,28900,-550,-1.87,745917.0
41190,우리기술투자,8850,210,2.43,743400.0
131970,두산테스나,41550,100,0.24,706623.0
336570,원텍,7980,390,5.14,712938.0
272290,이녹스첨단소재,34600,1700,5.17,698977.0
3380,하림지주,6180,50,0.82,692195.0
7390,네이처셀,10540,-20,-0.19,676216.0
15750,성우하이텍,8690,320,3.82,695200.0
372170,윤성에프앤씨,86200,-2700,-3.04,687794.0
215200,메가스터디교육,58600,500,0.86,681276.0
348210,넥스틴,66800,-400,-0.6,691872.0
58970,엠로,61700,400,0.65,691788.0
30520,한글과컴퓨터,25350,1500,6.29,612957.0
53800,안랩,62200,300,0.48,622862.0
194480,데브시스터즈,52700,700,1.35,633105.0
189300,인텔리안테크,58300,700,1.22,625753.0
131290,티에스이,55600,-400,-0.71,615015.0
32500,케이엠더블유,15090,-130,-0.85,600897.0
376300,디어유,25300,300,1.2,600582.0
58610,에스피지,26700,50,0.19,592136.0
91120,이엠텍,33600,3200,10.53,575667.0
46890,서울반도체,9640,10,0.1,562064.0
99190,아이센스,20350,300,1.5,562419.0
84850,아이티엠반도체,24800,2700,12.22,562537.0
114190,강원에너지,20500,1350,7.05,535522.0
25980,아난티,5840,10,0.17,517596.0
144510,지씨셀,32600,-250,-0.76,515091.0
95500,미래나노텍,16500,450,2.8,511665.0
78340,컴투스,38500,50,0.13,490404.0
358570,지아이이노베이션,11150,-430,-3.71,492795.0
299030,하나기술,61500,-1000,-1.6,501877.0
290650,엘앤씨바이오,21650,1200,5.87,491128.0
6730,서부T&D,7150,70,0.99,474952.0
360070,탑머티리얼,58000,300,0.52,468126.0
215000,골프존,76400,1100,1.46,479442.0
95610,테스,23850,100,0.42,471472.0
60280,큐렉소,11070,150,1.37,454866.0
68240,다원시스,11850,-30,-0.25,452237.0
108860,셀바스AI,16660,320,1.96,448400.0
95660,네오위즈,20400,-100,-0.49,449488.0
91700,파트론,7780,120,1.57,458384.0
32190,다우데이타,11600,200,1.75,444280.0
200130,콜마비앤에이치,15120,290,1.96,444763.0
82270,젬백스,10940,10,0.09,437536.0
43150,바텍,27300,100,0.37,405521.0
218410,RFHIC,15900,-20,-0.13,421103.0
89980,상아프론테크,25500,600,2.41,407720.0
49070,인탑스,24050,50,0.21,413660.0
33640,네패스,17200,-40,-0.23,396618.0
215600,신라젠,3890,-5,-0.13,400153.0
60250,NHN KCP,9920,-30,-0.3,398393.0
425040,티이엠씨,17580,-40,-0.23,374430.0
323990,박셀바이오,16200,-280,-1.7,372490.0
267980,매일유업,43900,800,1.86,344336.0
53610,프로텍,32650,500,1.56,359150.0
25770,한국정보통신,8680,50,0.58,325016.0
294090,이오플로우,10840,-310,-2.78,329717.0
118990,모트렉스,13300,80,0.61,330664.0
60720,KH바텍,14160,100,0.71,335273.0
35600,KG이니시스,11460,-10,-0.09,319785.0
86390,유니테스트,14710,-90,-0.61,310883.0
41960,코미팜,4275,170,4.14,301834.0
61970,LB세미콘,6630,-40,-0.6,290292.0
95700,제넥신,6970,-40,-0.57,289329.0
80160,모두투어,15520,-100,-0.64,293328.0
101670,하이드로리튬,4890,-1700,-25.8,246112.0
42600,새로닉스,20200,-150,-0.74,250956.0
298540,더네이쳐홀딩스,14070,-220,-1.54,207548.0
230240,에치에프알,14160,10,0.07,191005.0
33290,코웰패션,2800,-30,-1.06,157238.0
73570,리튬포어스,3845,-1425,-27.04,138308.0
